投诉编号,投诉品牌,品牌车系,投诉车型,问题描述,典型问题,投诉时间,投诉状态
487772,上汽集团,名爵6,2018款 20T 自动 豪华智联版 国VI,上汽名爵6变速箱漏油异响希望厂家解决,变速器异响变速器漏油,2020-06-24,信息审核
487770,福田汽车,奥铃,2007款 BJ1049V8JEA-B,福田奥铃捷运服务站服务态度差不解决问题,服务态度不解决问题服务收费变相收费,2020-06-24,信息审核
487768,奇瑞汽车,捷途X70S,2019款 X70S 1.5T 手动 征途版 国V,捷途X70S配件质量差导致故障问题多,配件争议配件质量差,2020-06-24,信息审核
487767,广汽乘用车,传祺GS5,2019款 270T 自动 精英版,广汽传祺GS5换挡顿挫 前轮刹车异响,变速器顿挫制动系统异响,2020-06-24,信息审核
487766,一汽-大众奥迪,奥迪Q3,2016款 35 TFSI 风尚型,一汽大众奥迪Q3出现请勿超过发动机最高转速,发动机故障灯亮,2020-06-24,信息审核
487762,吉利汽车,星越,2019款 350T 驭星者,吉利星越4S店销售库存车 服务承诺不兑现	,车身附件及电器车身异响承诺不兑现服务承诺不兑现销售欺诈出售库存车,2020-06-24,信息审核
487761,上汽大众,朗逸,2013款 1.4TSI DSG舒适版,上汽大众朗逸变速箱机电单元损坏4S店不保修,变速器故障灯亮变速器电脑板故障服务态度不予索赔,2020-06-24,信息审核
487759,奇瑞汽车,艾瑞泽5,2016款 1.5L 手动 领潮版,奇瑞艾瑞泽5发动机渗油售后不予质保,发动机漏油,2020-06-24,信息审核
487758,吉利汽车,博越,2020款 1.8TD DCT 智尊PRO,吉利博越变速箱顿挫 拖挡导致共振严重,变速器顿挫变速器拖挡,2020-06-24,信息审核
487757,新特汽车,SITECH DEV 1,2018款 创睿版,新特SITECH DEV 1配件质量差频繁故障,车身附件及电器影音系统故障车身附件及电器空调问题,2020-06-24,信息审核
487752,吉利汽车,嘉际,2019款 1.5TD MHEV DCT 臻享型,吉利嘉际购车旅游基金不兑现厂家拖延不处理,服务态度不解决问题承诺不兑现销售承诺不兑现,2020-06-24,信息审核
487747,吉利汽车,博越,2020款 1.8TD DCT 智慧PRO,吉利博越没有挡位灯和前雾灯与宣传不符,销售欺诈与宣传不符,2020-06-24,信息审核
487746,北京现代,领动,2016款 1.6L 自动 智炫·精英型,北京现代领动行驶跑偏 发动机抖动,发动机抖动前后桥及悬挂系统跑偏,2020-06-24,信息审核
487741,吉利汽车,帝豪,2017款 1.5L CVT 向上版 三厢 百万款,吉利帝豪刹车疲软 存在安全隐患,制动系统刹车偏软,2020-06-24,信息审核
487740,上汽集团,名爵6,2018款 20T 自动 豪华智联版 国VI,上汽名爵6踩刹车异响4S店多次维修不保修,制动系统异响服务态度不解决问题服务态度不予索赔人员技术多次返修,2020-06-24,厂家受理
487739,上汽集团,名爵ZS,2019款 1.5L 手动 65寸巨幕天窗全球版 国VI,上汽名爵ZS发动机高温熄火厂家不回复,发动机冷却系统故障服务态度不解决问题服务态度厂家不回复,2020-06-24,厂家受理
487736,吉利汽车,帝豪,2019款 领军版 1.5L 手动 豪华型 国VI,吉利帝豪发动机脚垫前摆臂横梁有维修痕迹,销售欺诈出售库存车,2020-06-24,信息审核
487734,广汽丰田,汉兰达,2018款 2.0T 四驱 豪华版 7座 国VI,广汽丰田汉兰达扶手箱滑轨断裂4S店不保修,车身附件及电器部件开裂服务态度不予索赔配件争议配件质量差,2020-06-24,信息审核
487727,东风标致,标致4008,2017款 350THP 精英版,东风标致4008服务站未将保养记录上传,人员技术操作不规范,2020-06-24,信息审核
487724,吉利汽车,帝豪,2014款 1.5L 手动 时尚型 三厢,吉利帝豪变速箱打齿无法正常挂挡,变速器无法换挡变速器机械部件故障,2020-06-24,信息审核
487720,一汽-大众,探岳,2019款 征途版 280TSI 两驱 豪华型 国Ⅵ,一汽大众探岳喇叭声音发闷影响使用,车身附件及电器喇叭故障,2020-06-24,信息审核
487718,一汽丰田,RAV4荣放,2016款 2.0L CVT 两驱 风尚版 国V,一汽丰田RAV4荣放尾灯自然开裂质量差,车身附件及电器灯罩裂纹或变形服务态度不解决问题,2020-06-24,信息审核
487717,奇瑞汽车,艾瑞泽7,2016款 1.6L CVT 致尚版,奇瑞艾瑞泽7车门生锈存在质量问题,车身附件及电器车身生锈,2020-06-24,信息审核
487712,吉利汽车,博越,2020款 1.8TD DCT 智尊PRO,吉利博越实车无挡位显示灯与宣传不符,销售欺诈与宣传不符,2020-06-24,信息审核
487711,沃尔沃（进口）,沃尔沃V40,2019款 T4 智雅版,进口沃尔沃V40经销商手续办理缓慢,服务态度故意拖延服务流程不完善手续不齐,2020-06-24,信息审核
487710,一汽-大众奥迪,奥迪A3,2020款 Limousine 35 TFSI 运动型 国VI,一汽大众奥迪A3新车无法缴纳购置税,销售欺诈出售问题车,2020-06-24,信息审核
487709,广汽本田,飞度,2014款 1.5L CVT SE时尚型,广汽本田飞度发动机无法启动要求解决,发动机无法启动,2020-06-24,信息审核
487706,广汽本田,飞度,2020款 1.5L CVT 舒适天窗版,广汽本田飞度邓禄普轮胎爆胎存在质量问题,轮胎爆胎配件争议使用旧件,2020-06-23,信息审核
487702,长安马自达,马自达3 昂克赛拉,2016款 1.5L 自动 豪华型 三厢,长安马自达昂克赛拉中控屏开裂影响正常使用,车身附件及电器影音系统故障,2020-06-23,信息审核
487694,广汽丰田,雷凌,2017款 185T CVT 精英版 国V 改款,广汽丰田雷凌仪表台开裂 车内有异响,车身附件及电器仪表台开裂车身附件及电器车内异响,2020-06-23,信息审核
487692,北京现代,瑞纳,2017款 1.4L 手动 焕彩版 国V,北京现代瑞纳发动机异响一直没有处理好,发动机异响,2020-06-23,信息审核
487691,广汽本田,飞度,2014款 1.5L CVT LX舒适型,广汽本田飞度冷车启动发动机有异响,发动机异响,2020-06-23,信息审核
487688,一汽丰田,亚洲龙,2019款 双擎 2.5L XLE 尊贵版 国Ⅵ,一汽丰田亚洲龙行驶中天窗和车身有异响,车身附件及电器车身异响车身附件及电器天窗异响,2020-06-23,信息审核
487686,江铃汽车,驭胜S350,2016款 2.4T 自动 四驱 柴油 豪华版 5座,江铃驭胜S350质保期内车身多处有生锈的现象,车身附件及电器车身生锈,2020-06-23,信息审核
487685,东风标致,标致408,2019款 350THP 自动 豪华版 国V,东风标致408驾驶位与副驾驶位上方有异响,车身附件及电器车内异响,2020-06-23,厂家受理
487681,东南汽车,V5菱致,2014款 1.5T CVT 智控型,东南V5菱致行驶过程中变速箱故障失去动力,变速器故障灯亮变速器无法加速,2020-06-23,信息审核
487680,吉利汽车,星越,2019款 350T AWD 驭星者,吉利星越升级GKUI19系统后依然卡顿,服务流程不完善系统升级问题,2020-06-23,信息审核
487679,吉利汽车,星越,2019款 350T 耀星者,吉利星越雨刮器在工作时卡顿而且异响,车身附件及电器雨刮器故障,2020-06-23,信息审核
487677,上汽斯柯达,速派,2013款 1.4T DSG 绅仕版,斯柯达速派座椅开裂 材质与宣传不符,车身附件及电器部件开裂车身附件及电器座椅故障,2020-06-23,信息审核
487675,上汽斯柯达,速派,2016款 TSI330 DSG 创行版,斯柯达速派变速箱故障灯亮机电单元损坏,变速器故障灯亮变速器机械部件故障变速器电脑板故障,2020-06-23,信息审核
487672,长安马自达,马自达3 昂克赛拉,2016款 1.5L 手动 豪华型 三厢,长安马自达昂克赛拉中控屏幕爆裂影响使用,车身附件及电器影音系统故障车身附件及电器部件开裂,2020-06-23,信息审核
487671,东风雪铁龙,爱丽舍,2014款 1.6L 手动 时尚型CNG,东风雪铁龙爱丽舍启动后变速箱无法挂挡,变速器无法换挡,2020-06-23,信息审核
487670,一汽-大众奥迪,奥迪A6L,2020款 45 TFSI quattro 臻选致雅型,一汽大众奥迪A6L承诺多色氛围灯实际未配备,销售欺诈与宣传不符,2020-06-23,信息审核
487669,福田汽车,奥铃,2007款 BJ1049V8JEA-B,福田奥铃捷运启动后挂一挡发动机无动力,发动机功率不足,2020-06-23,信息审核
487668,东风日产,天籁,2019款 2.0T XL 智领版,东风日产天籁行驶时中控台存在金属摩擦声,车身附件及电器中控台异响,2020-06-23,信息审核
487667,东风本田,本田CR-V,2019款 耀目版 240TURBO CVT 两驱 舒适版 国VI,东风本田CR-V天窗遮阳帘无法开启 换挡异响,变速器异响车身附件及电器天窗开关异常,2020-06-23,信息审核
487666,众泰汽车,众泰T500,2018款 1.5T 手动 尊享型 5座,众泰T500中控显示屏闪烁无法使用,车身附件及电器影音系统故障,2020-06-23,厂家受理
487662,长城汽车,哈弗H6 Coupe,2018款 1.5T 自动 两驱 超豪型 蓝标,哈弗H6 Coupe电瓶亏电充电后未解决,车身附件及电器电瓶故障,2020-06-23,信息审核
487660,众泰汽车,众泰T700,2017款 1.8T 双离合 尊贵型,众泰T700方向盘转不动希望尽快解决,转向系统打方向沉重转向系统故障灯亮,2020-06-23,厂家受理
487651,一汽-大众奥迪,奥迪A4L,2019款 40 TFSI 时尚型 国VI,一汽大众奥迪A4L变速箱机电单元故障,变速器电脑板故障,2020-06-23,信息审核
487647,北京现代,菲斯塔,2019款 280TGDi 运动版 国VI,北京现代菲斯塔4S店不兑现贴膜承诺,承诺不兑现销售承诺不兑现,2020-06-23,信息审核
487645,吉利汽车,缤越,2019款 260T DCT 骑士 国VI,吉利缤越车机系统黑屏死机升级承诺不兑现,车身附件及电器车载互联故障承诺不兑现服务承诺不兑现,2020-06-23,信息审核
487641,吉利汽车,缤瑞,2019款 200T DCT 缤致版,吉利缤瑞变速箱装配工艺不合格导致异响,变速器异响,2020-06-23,信息审核
487639,吉利汽车,缤越,2019款 260T DCT 游侠 运动款 国V,吉利缤越车门漏风 系统升级承诺不兑现,车身附件及电器门窗漏风承诺不兑现服务承诺不兑现,2020-06-23,信息审核
487638,北汽银翔,幻速S6,2017款 1.5T 手动 智能型,北汽幻速S6发动机噪音大后视镜漆面变色,发动机噪音大车身附件及电器车身有色差,2020-06-23,信息审核
487635,吉利汽车,吉利icon,2020款 300T i9 BSG,吉利icon厂家置换补贴政策不兑现,承诺不兑现销售承诺不兑现,2020-06-23,信息审核
487634,奇瑞汽车,捷途X70S,2019款 X70S 1.5T 手动 征途版 国V,捷途X70S发动机冷却风扇固定螺丝脱落,发动机冷却系统故障发动机固定螺栓断裂车身附件及电器空调问题,2020-06-23,厂家受理
487615,吉利汽车,嘉际,2019款 1.5TD MHEV DCT 臻享型,吉利嘉际漆面起泡希望厂家处理问题,车身附件及电器漆面起泡开裂,2020-06-23,信息审核
487613,长安马自达,马自达CX-5,2015款 2.5L 自动 四驱 旗舰型,长安马自达CX-5中控屏闪屏希望厂家处理,车身附件及电器影音系统故障,2020-06-23,信息审核
487612,吉利汽车,星越,2019款 改款 350T 耀星者,吉利星越贴膜工艺差导致门窗有起泡,人员技术维修技术差人员技术操作不规范,2020-06-23,信息审核
487611,东风悦达起亚,起亚K4,2017款 1.6T 自动 T-DLX Turbo,东风悦达起亚K4变速箱抖动换挡顿挫,变速器顿挫变速器抖动,2020-06-23,信息审核
487609,东风日产,劲客,2017款 1.5L CVT 智行版,东风日产劲客中控卡屏播放音乐断开,车身附件及电器影音系统故障,2020-06-23,信息审核
487605,一汽-大众奥迪,奥迪A6L,2016款 TFSI 双离合 运动型,一汽大众奥迪A6L节温器底座漏液,发动机漏防冻液,2020-06-23,信息审核
487603,东风标致,标致408,2016款 1.6T 自动 豪华版,东风标致408减震器异响希望得到处理,前后桥及悬挂系统减震器异响,2020-06-23,厂家受理
487602,广汽三菱,欧蓝德,2019款 2.0L 两驱 畅享版 5座 国VI,广汽三菱欧蓝德左后方安全带无法抽出,车身附件及电器安全带故障,2020-06-23,厂家受理
487600,吉利汽车,博越,2018款 1.8TD 自动 两驱 智联型 4G互联版,吉利博越漆面脱落严重影响车辆美观,车身附件及电器漆面起泡开裂,2020-06-23,信息审核
487596,北京现代,领动,2020款 1.5L CVT 智炫·精英型,北京现代领动新车顶棚存在明显污渍,承诺不兑现销售承诺不兑现销售欺诈出售问题车,2020-06-23,信息审核
487594,长城汽车,WEY VV5,2020款 1.5T 两驱 智先锋,WEY VV5流媒体重启影响正常使用	,车身附件及电器车载互联故障,2020-06-23,信息审核
487592,长城汽车,哈弗H2,2017款 1.5T 自动 两驱精英型 蓝标,哈弗H2颠簸时转向与左前轮异响明显,转向系统异响前后桥及悬挂系统车轮异响,2020-06-23,信息审核
487588,吉利汽车,吉利GX7,2014款 2.0L 自动 尊贵型,吉利GX7冷车启动发动机异响升挡顿挫,发动机异响变速器顿挫,2020-06-23,信息审核
487587,长安马自达,马自达3 昂克赛拉,2017款 1.5L 自动 豪华型 三厢 国V,长安马自达昂克赛拉减震器异响漏油,前后桥及悬挂系统减震器异响前后桥及悬挂系统减震器漏油,2020-06-23,信息审核
487586,一汽-大众奥迪,奥迪A4L,2019款 40 TFSI 时尚型 国VI,一汽大众奥迪A4L倍耐力轮胎鼓包,轮胎鼓包,2020-06-23,信息审核
487584,上汽大众,朗逸,2017款 1.6L 手动 舒适版,上汽大众朗逸车内异味刹车盘异响,转向系统异响制动系统异响车身附件及电器车内异味,2020-06-23,信息审核
487583,吉利汽车,帝豪GL,2017款 1.8L 手动 精英型,吉利帝豪GL离合器不回位刹车故障灯亮,离合器离合器失效制动系统故障灯亮,2020-06-23,信息审核
487577,上汽大众,朗逸,2011款 1.4TSI DSG 品雅版,上汽大众朗逸起步时抖动 换挡时顿挫,变速器顿挫变速器抖动离合器抖动,2020-06-23,信息审核
487575,一汽-大众,高尔夫,2017款 280TSI 自动 R-Line百万辆纪念版,一汽大众高尔夫韩泰轮胎开裂影响行车安全,轮胎开裂,2020-06-23,信息审核
487570,北京现代,领动,2016款 1.4T  双离合 炫动·精英型,北京现代领动发动机异响漏水 压缩机损坏,发动机异响发动机漏防冻液车身附件及电器空调问题,2020-06-23,信息审核
487567,广汽丰田,凯美瑞,2016款 2.5HG CVT 十周年纪念豪华导航版 双擎,广汽丰田凯美瑞中控黑屏触摸没反应,车身附件及电器影音系统故障,2020-06-23,处理反馈
487566,上汽大众,途观L新能源,2019款 430PHEV 混动豪华版,上汽大众途观L新能源仪表盘外罩开裂,车身附件及电器部件开裂,2020-06-23,信息审核
487565,长安汽车,长安欧尚CX70,2017款 1.5T 手动 豪擎版 CX70T,长安欧尚CX70变速箱异响顿挫传动轴异响,变速器异响变速器顿挫前后桥及悬挂系统前后桥异响车身附件及电器车窗升降故障,2020-06-23,信息审核
487563,东风本田,本田XR-V,2020款 1.5L CVT 舒适版,东风本田XR-V后风挡玻璃存在划痕,车身附件及电器玻璃开裂,2020-06-23,信息审核
487562,一汽-大众奥迪,奥迪A4L,2017款 2.0T 双离合 时尚型 Plus,一汽大众奥迪A4L发动机节温器漏防冻液,发动机漏防冻液,2020-06-23,信息审核
487560,一汽丰田,RAV4荣放,2020款 2.0L CVT 两驱 都市版,一汽丰田RAV4荣放购车缴纳定金未退还,服务收费定（订）金纠纷,2020-06-23,信息审核
487559,北京奔驰,奔驰GLB,2020款 GLB 200 时尚型,北京奔驰GLB车窗有严重异响希望解决,车身附件及电器门窗异响,2020-06-23,信息审核
487555,长城汽车,哈弗H2,2018款 1.5T 双离合 两驱 精英型 红标,哈弗H2自动驻车故障报警电瓶亏电厂家未回复,车身附件及电器电瓶故障车身附件及电器行车安全辅助系统故障服务态度厂家不回复,2020-06-23,处理反馈
487554,一汽-大众,宝来,2020款 1.5L 自动 精英型,一汽大众宝来前挡风玻璃破裂质量差,车身附件及电器玻璃开裂,2020-06-23,信息审核
487553,一汽-大众,探岳,2020款 330TSI 两驱 豪华智联版,一汽大众探岳发动机怠速时油箱有异响,车身附件及电器汽油箱异响,2020-06-23,信息审核
487550,上汽大众,朗逸,2017款 1.6L 手动 风尚版,上汽大众朗逸方向盘异响空调异味排气管生锈,转向系统异响前后桥及悬挂系统半轴渗油车身附件及电器空调问题车身附件及电器排气管锈蚀,2020-06-23,信息审核
487548,长安汽车,锐程CC,2020款 1.5T 自动 炫锐型,长安锐程CC变速箱P挡卡顿影响正常使用,变速器无法换挡,2020-06-23,信息审核
487547,福田汽车,拓陆者,2019款 2.0T E7 手动 四驱 城市版 高配 4G20TI4,福田拓陆者变速箱倒挡打齿 发动机故障灯亮,发动机故障灯亮变速器机械部件故障,2020-06-23,信息审核
487546,吉利汽车,星越,2019款 350T 暗夜骑士限量版,吉利星越大客户补贴未兑现 升级后车机卡顿,车身附件及电器车载互联故障承诺不兑现销售承诺不兑现服务流程不完善系统升级问题,2020-06-23,信息审核
487545,东风雪铁龙,雪铁龙C3-XR,2018款 1.6L 自动 先锋型 改款,东风雪铁龙C3-XR发动机故障灯亮,发动机故障灯亮,2020-06-23,厂家受理
487544,东风日产,逍客,2019款 2.0L CVT 豪华版,东风日产逍客刹车异响4S店不予解决,制动系统异响,2020-06-23,信息审核
487541,一汽-大众,探岳,2019款 征途版 280TSI 两驱 豪华型 国Ⅵ,一汽大众探岳大灯透镜发白影响照明,车身附件及电器车灯不亮,2020-06-23,信息审核
487540,广汽丰田,凯美瑞,2015款 2.5HG CVT 豪华导航版 双擎,广汽丰田凯美瑞左右半轴防尘罩漏油,前后桥及悬挂系统半轴渗油,2020-06-23,处理反馈
487530,一汽-大众奥迪,奥迪A4L,2015款 2.0T CVT 标准型,奥迪A4L防冻液水壶开裂导致冷却液泄漏,发动机漏防冻液车身附件及电器部件开裂,2020-06-23,信息审核
487528,吉利汽车,远景,2017款 1.5L 自动 幸福版,吉利远景发动机抖动 后杠色差要求尽快处理,发动机抖动变速器无法换挡车身附件及电器车身有色差,2020-06-23,信息审核
487527,一汽-大众,速腾,2020款 200TSI DSG 舒适型 国VI,一汽大众速腾4S店销售库存车不履行承诺,服务态度不解决问题服务态度态度蛮横承诺不兑现销售承诺不兑现销售欺诈出售库存车,2020-06-23,信息审核
487526,众泰汽车,众泰E200,2018款 Pro,众泰E200中控屏损坏无法使用希望处理,车身附件及电器影音系统故障,2020-06-23,信息审核
487525,一汽-大众奥迪,奥迪Q5,2012款 2.0TFSI  自动 舒适型,一汽大众奥迪Q5变速箱挂倒挡无法行驶,变速器无法加速,2020-06-23,信息审核
487524,众泰汽车,众泰T300,2018款 1.5L CVT 尊贵型,众泰T300主驾驶玻璃升降器开关损坏,车身附件及电器车窗升降故障配件争议无零配件,2020-06-23,厂家受理
487523,东风雪铁龙,世嘉,2013款 2.0L 自动 品悦型 三厢,东风雪铁龙世嘉变速箱电磁阀故障挡位锁死,变速器无法换挡变速器滑阀箱故障,2020-06-23,厂家受理
487519,吉利汽车,帝豪GS,2016款 1.3T 自动 领尚型 优雅版,吉利帝豪GS底盘生锈4S店不予处理,车身附件及电器车身生锈,2020-06-23,信息审核
487518,东风日产,逍客,2016款 2.0L CVT 旗舰版,东风日产逍客起步无力 变速箱顿挫,变速器顿挫变速器无法加速,2020-06-23,信息审核
487517,吉利汽车,星越,2019款 改款 350T 耀星者,吉利星越车辆多处减配一直不予处理,其他疑似减配,2020-06-23,信息审核
487515,一汽-大众,迈腾,2019款 330TSI DSG 领先型 国V,一汽大众迈腾变速箱故障机电单元损坏,变速器故障灯亮变速器滑阀箱故障变速器电脑板故障,2020-06-23,信息审核
487511,吉利汽车,远景X3,2017款 1.5L 手动 尊贵型,吉利远景X3经销商私自收取利息及保险押金,服务收费变相收费,2020-06-23,信息审核
487510,吉利汽车,缤瑞,2018款 14T CVT 缤致版,吉利缤瑞四个车门全部生锈希望尽快解决,车身附件及电器车身生锈,2020-06-23,信息审核
487508,吉利汽车,博越,2016款 1.8TD 自动 两驱 智尚型,吉利博越仪表盘花屏售后不予免费质保,车身附件及电器影音系统故障,2020-06-23,信息审核
487506,海马汽车,海马S5,2014款 1.6L 手动 智尚型,海马S5变速箱异响 漆面腐蚀生锈厂家未处理,变速器异响车身附件及电器车身生锈,2020-06-23,处理反馈
487505,一汽-大众,探岳,2019款 330TSI 两驱 尊贵型 国Ⅵ,一汽大众探岳刹车偏软 变速箱顿挫 大灯不亮,变速器顿挫制动系统刹车偏软车身附件及电器车灯不亮,2020-06-23,信息审核
487503,几何汽车,几何A,2019款 高维标准续航立方版,几何A多次无故自动刹停 后门与车轮异响,前后桥及悬挂系统车轮异响车身附件及电器门窗异响车身附件及电器行车安全辅助系统故障,2020-06-23,信息审核
487502,上汽斯柯达,柯米克,2020款 GT 1.5L 自动 旗舰版 国VI,斯柯达柯米克ABS系统非正常启动,制动系统ABS故障,2020-06-23,信息审核
487500,吉利汽车,博越,2020款 1.8TD DCT 智领PRO,吉利博越实车无挡位灯和前雾灯与宣传不符,销售欺诈与宣传不符,2020-06-23,信息审核
487499,奇瑞汽车,瑞虎8,2019款 1.6TGDI 自动 豪华型,奇瑞瑞虎8水泵泄漏防冻液4S店无配件更换,发动机漏防冻液发动机水泵故障配件争议无零配件,2020-06-23,信息审核
487497,奇瑞汽车,艾瑞泽5,2016款 1.5L CVT 领潮版,奇瑞艾瑞泽5变速箱脱挡无法行驶,变速器脱挡,2020-06-23,信息审核
487492,长城汽车,哈弗H6 Coupe,2016款 1.5T 自动 两驱都市型,哈弗H6 Coupe后备箱漏水天窗异响方向盘沉重,变速器挡把总成故障转向系统打方向沉重车身附件及电器车身漏水车身附件及电器天窗异响,2020-06-23,处理反馈
487491,上汽大众,Polo,2019款 Plus 1.5L 自动 全景乐享版,上汽大众Polo经销商出售库存车态度恶劣,服务态度态度蛮横销售欺诈出售库存车,2020-06-23,信息审核
487490,北汽新能源,北汽新能源EU5,2018款 EU5 R500 智风版,北汽新能源EU5方向跑偏 轮胎吃胎 底盘异响,前后桥及悬挂系统底盘异响前后桥及悬挂系统吃胎偏磨前后桥及悬挂系统跑偏,2020-06-23,厂家受理
487487,东风标致,标致408,2015款 1.2T 自动 豪华版,东风标致408正时皮带召口未通知,服务流程不完善活动不通知,2020-06-23,处理反馈
487486,北汽新能源,北汽新能源EU5,2018款 EU5 R500 智风版,北汽新能源EU5车机APP无法实名认证,服务态度不解决问题服务流程不完善系统升级问题,2020-06-23,厂家受理
487478,华晨宝马,宝马5系,2018款 530Li 领先型 豪华套装,华晨宝马5系倒车影像黑屏 4S店不予解决,车身附件及电器影音系统故障服务态度不解决问题,2020-06-23,信息审核
487476,海马汽车,海马8S,2019款 1.6TGDI 自动 潮版,海马8S经销商换购补贴承诺一直不兑现,承诺不兑现销售承诺不兑现,2020-06-23,处理反馈
487473,沃尔沃亚太,沃尔沃S60,2016款 2.0T T4 智远版,亚太沃尔沃S60前悬架平衡杆胶套有异响,前后桥及悬挂系统悬挂故障,2020-06-23,信息审核
487472,广汽丰田,雷凌,2019款 185T CVT 豪华版 国VI,广汽丰田雷凌变速箱顿挫厂家推诿未解决,变速器顿挫服务态度不解决问题服务态度故意拖延,2020-06-23,处理反馈
487468,长安马自达,马自达CX-5,2015款 2.0L 自动 两驱 都市型,长安马自达CX-5变速箱行驶时有异响,变速器异响,2020-06-23,处理反馈
487465,雷克萨斯,雷克萨斯NX,2015款 200t 锋尚版 全驱 5座,雷克萨斯NX发动机真空阀损坏出现异响,发动机异响发动机功率不足,2020-06-23,信息审核
487462,一汽-大众,探岳,2020款 330TSI 两驱 豪华智联版Pro,一汽大众探岳发动机故障灯亮 电瓶漏液,发动机故障灯亮车身附件及电器电瓶故障,2020-06-23,信息审核
487461,猎豹汽车,猎豹CS10,2017款 1.5T 手动 精英型,猎豹CS10底盘和方向机异响 车身漏水,发动机故障灯亮转向系统异响前后桥及悬挂系统底盘异响车身附件及电器车身漏水配件争议无零配件,2020-06-23,信息审核
487457,江铃福特,领界,2019款 EcoBoost 145 CVT 铂领型 国V,江铃福特领界发动机故障灯亮启停功能失效,发动机故障灯亮车身附件及电器发动机启停系统故障人员技术多次返修服务流程不完善无维修工单,2020-06-23,处理反馈
487456,吉利汽车,星越,2019款 350T 探星者,吉利星越刹车和雨刮器异响 车机死机黑屏,制动系统异响车身附件及电器车载互联故障车身附件及电器雨刮器故障,2020-06-23,处理反馈
487454,一汽-大众奥迪,奥迪A6L,2019款 45 TFSI 臻选动感型,一汽大众奥迪A6L发动机机油加注口渗油,发动机漏油变速器漏油,2020-06-23,信息审核
487452,广汽丰田,凯美瑞,2015款 2.5G 自动 豪华导航版,广汽丰田凯美瑞半轴防尘套漏油4S店不保修,前后桥及悬挂系统球笼套漏油服务态度不予索赔,2020-06-23,处理反馈
487451,奇瑞汽车,捷途X70,2018款 1.5T 手动 悦行版,捷途X70雨刮器喷水角度太低4S店拒赔,车身附件及电器雨刮器故障服务态度不予索赔,2020-06-23,处理反馈
487448,吉利汽车,星越,2019款 350T 耀星者,吉利星越起步时变速箱顿挫换挡不顺畅,变速器顿挫变速器无法换挡销售欺诈与宣传不符其他疑似减配,2020-06-23,处理反馈
487447,广汽讴歌,讴歌CDX,2016款 1.5T 两驱尊享版,广汽讴歌CDX经销商销售维修过的问题车,销售欺诈出售问题车销售欺诈出售库存车,2020-06-23,信息审核
487442,上汽集团,名爵6,2017款 20T 手动 豪华智联版 国V,上汽名爵6离合器打滑踏板脱落4S店不保修,离合器打滑离合器松动服务态度不予索赔,2020-06-23,厂家受理
487436,一汽-大众,迈腾,2016款 1.8TSI 智享领先型,一汽大众迈腾变速箱异响抖动顿挫,变速器异响变速器顿挫变速器抖动,2020-06-23,信息审核
487434,东风电动轻卡,EV300,ev300,东风电动轻卡EV300续航里程不准确行驶断电,发动机电驱动控制器故障车身附件及电器续航里程不准,2020-06-23,信息审核
487428,一汽丰田,RAV4荣放,2020款 2.0L CVT 两驱 风尚版,一汽丰田RAV4荣放发动机舱进泥浆,其他疑似设计缺陷,2020-06-23,信息审核
487427,吉利汽车,博越,2020款 1.8TD DCT 智尊PRO,吉利博越新车简配雾灯和挡位灯与宣传不符,销售欺诈与宣传不符,2020-06-23,处理反馈
487426,东风日产,逍客,2017款 2.0L CVT 智享版 国V,东风日产逍客变速箱漏油有明显顿挫感,变速器顿挫变速器漏油,2020-06-23,信息审核
487423,吉利汽车,帝豪GS,2018款 1.4T 手动 运动版 领尚型,吉利帝豪GS挂挡困难 变速箱顿挫,变速器顿挫变速器无法换挡,2020-06-23,信息审核
487422,一汽-大众,探岳,2019款 330TSI 两驱 豪华型 国Ⅵ,一汽大众探岳大灯白雾不透亮影响使用,车身附件及电器车灯不亮,2020-06-23,信息审核
487421,奇瑞捷豹路虎,发现神行,2019款 240PS SE版 国VI,奇瑞捷豹路虎发现神行发动机舱内有杂音,发动机异响,2020-06-23,处理反馈
487417,吉利汽车,博瑞,2015款 2.4L 舒适型,吉利博瑞车门由内而外生锈并且腐烂,车身附件及电器车身生锈,2020-06-23,处理反馈
487416,东风悦达起亚,焕驰,2017款 1.4L 自动 智享版 Value,东风悦达起亚焕驰天窗出现掉漆现象,车身附件及电器漆面起泡开裂,2020-06-23,信息审核
487415,宝马（进口）,宝马3系（进口）,2011款 325i 2.5 自动  双门轿跑车,进口宝马3系转向助力故障报警希望解决,转向系统故障灯亮,2020-06-23,信息审核
487413,吉利汽车,缤越,2019款 运动款 260T DCT Battle 国VI 运动款,吉利缤越车窗漏风 车及系统无法升级,车身附件及电器车载互联故障车身附件及电器门窗漏风承诺不兑现服务承诺不兑现,2020-06-23,信息审核
487411,众泰汽车,众泰T600,2015款 1.5T 手动 精英型,众泰T600变速箱异响严重希望尽快处理,发动机涡轮增压器故障变速器异响,2020-06-23,处理反馈
487410,北京现代,现代ix35,2019款 2.0L 自动 两驱 智勇·畅享版 国VI,北京现代ix35经销商出售库存车未告知,服务收费价格不透明销售欺诈出售库存车,2020-06-23,信息审核
487406,一汽-大众,探岳,2019款 330TSI 两驱 豪华型 国Ⅵ,一汽大众探岳变速箱换挡异响 大灯白内障,变速器异响车身附件及电器车灯不亮,2020-06-23,信息审核
487405,吉利汽车,星越,2019款 350T 耀星者,吉利星越车机系统升级后仍然存在问题,服务流程不完善系统升级问题,2020-06-23,处理反馈
487404,东风风行,风行SX6,2018款 1.6L 手动 豪华型,东风风行SX6起步时发动机出现异响,发动机异响,2020-06-23,处理反馈
487402,众泰汽车,众泰SR9,2017款 2.0T 自动 极致之心版,众泰SR9后备箱开关失灵 行驶中失去动力,变速器无法加速车身附件及电器后备箱故障,2020-06-23,处理反馈
487399,一汽-大众,宝来,2016款 1.6L 自动 时尚型,大众宝来发动机异响 销售指定款渠道及保险,发动机异响服务收费强制购买,2020-06-23,信息审核
487395,吉利汽车,星越,2019款 改款 300T 耀星者,吉利星越车机卡顿导致黑屏版本与宣传不符,车身附件及电器车载互联故障销售欺诈与宣传不符,2020-06-23,用户评分
487387,吉利汽车,帝豪GS,2019款 1.4T CVT 雅,吉利帝豪GS方向盘不正 多媒体闪退,转向系统方向盘不正车身附件及电器影音系统故障,2020-06-23,处理反馈
487384,一汽-大众,T-ROC探歌,2019款 280TSI DSG 两驱 舒适型 国V,一汽大众探歌韩泰轮胎开裂希望厂家处理,轮胎开裂,2020-06-23,处理反馈
487381,吉利汽车,星越,2019款 300T 耀星者,吉利星越车机系统黑屏卡顿影响使用,车身附件及电器车载互联故障,2020-06-23,处理反馈
487380,一汽-大众,速腾,2018款 280TSI DSG熠动版,一汽大众速腾发动机高压泵异响严重,发动机异响,2020-06-23,处理反馈
487379,广汽丰田,YARiS L 致炫,2020款 致炫X 1.5L CVT 领先版,广汽丰田致炫4S店承诺不兑现提不到车,承诺不兑现销售承诺不兑现承诺不兑现提不到车,2020-06-23,用户评分
487377,吉利汽车,星越,2019款 350T AWD 驭星者,吉利星越系统升级过后死机卡顿希望厂家处理,车身附件及电器车载互联故障服务流程不完善系统升级问题,2020-06-23,处理反馈
487375,上汽大众,朗逸,2019款 1.5L 自动 舒适版 国VI,上汽大众朗逸热车加速行驶时发动机异响,发动机异响,2020-06-23,信息审核
487373,广汽本田,冠道,2017款 370TURBO 自动 四驱 尊享版,广汽本田冠道后备箱漏水4S店不予保修,车身附件及电器车身漏水车身附件及电器后备箱故障服务态度不予索赔,2020-06-23,处理反馈
487372,东风本田,本田CR-V,2019款 锐·混动 2.0L 两驱 净驰版 国VI,东风本田CR-V中控台异响希望尽快处理,车身附件及电器中控台异响,2020-06-23,信息审核
487369,上汽大众,帕萨特新能源,2020款 430PHEV 混动豪华版 国VI,上汽大众帕萨特新能源动力电池故障,车身附件及电器动力电池故障,2020-06-23,信息审核
487365,北京汽车,绅宝X65,2015款 2.0T  自动 舒适型,绅宝X65踩油门车身左右摆动厂家未回复处理,前后桥及悬挂系统悬挂故障服务态度不解决问题服务态度厂家不回复,2020-06-23,厂家受理
487363,奇瑞汽车,捷途X90,2019款 1.6T DCT 智享型 5座 国V,捷途X90 4S店举办活动承诺不予兑现,承诺不兑现服务承诺不兑现,2020-06-23,用户评分
487360,捷豹,捷豹XF,2014款 2.0T 风华版,进口捷豹XF加油时频繁跳枪存在质量缺陷,车身附件及电器油箱有缺陷,2020-06-23,处理反馈
487359,东风雪铁龙,雪铁龙C4L,2013款 1.8L 手动 劲享版,东风雪铁龙C4L转向柱旷量 油箱变形,发动机烧机油转向系统方向盘自由间隙过大车身附件及电器油箱有缺陷,2020-06-23,处理反馈
487356,吉利汽车,星越,2019款 350T 耀星者,吉利星越车机卡顿操作版本与宣传不符,销售欺诈与宣传不符,2020-06-23,信息审核
487354,北京现代,名图,2017款 1.8L 自动 智能型 GLS 国V,北京现代名图转向异响4S店多次维修不解决,转向系统异响服务态度不予索赔人员技术多次返修,2020-06-23,信息审核
487353,吉利汽车,博越,2016款 1.8TD 自动 两驱 智尊型,吉利博越变速箱漏油希望厂家尽快解决,变速器漏油,2020-06-23,处理反馈
487352,一汽-大众奥迪,奥迪A4L,2013款 2.0T 自动 舒适型,一汽大众奥迪A4L车内异味严重要求解决,车身附件及电器车内异味,2020-06-23,信息审核
487351,吉利汽车,星越,2019款 350T 耀星者,吉利星越车机系统死机版本与宣传不符,车身附件及电器车载互联故障销售欺诈与宣传不符,2020-06-23,处理反馈
487346,东南汽车,东南DX7,2016款 1.5T 自动 荣耀版,东南DX7开启雨刮时雨刮器有异常响声,车身附件及电器雨刮器故障,2020-06-23,厂家受理
487345,一汽丰田,RAV4荣放,2015款 2.0L CVT 两驱都市版,一汽丰田RAV4荣放右前侧半轴防尘套漏油,前后桥及悬挂系统半轴渗油,2020-06-23,信息审核
487344,吉利汽车,远景,2018款 1.5L 手动 幸福版,吉利远景车门及车身螺栓生锈厂家不解决问题,车身附件及电器车身生锈,2020-06-23,处理反馈
487342,江淮汽车,瑞风S3,2015款 1.5L 手动 豪华智能尊享版,江淮瑞风S3气囊灯常亮多次维修无法解决,车身附件及电器气囊故障,2020-06-23,处理反馈
487341,一汽-大众,高尔夫,2015款 1.6L 自动 时尚型,一汽大众高尔夫变速箱程序落后换挡迟缓,变速器拖挡,2020-06-23,用户评分
487337,上汽大众,凌渡,2015款 330TSI DSG 舒适版,上汽大众凌渡车内异味希望厂家处理,车身附件及电器车内异味,2020-06-23,信息审核
487336,领克汽车,领克01,2019款 2.0T 两驱 纯版 国V,领克01轮胎亏气但胎压监测未报警,车身附件及电器胎压监测故障,2020-06-23,处理反馈
487335,吉利汽车,星越,2019款 350T AWD 驭星者,吉利星越车机系统升级后依然卡顿,服务流程不完善系统升级问题,2020-06-23,处理反馈
487334,一汽-大众奥迪,奥迪A6L,2020款 45 TFSI quattro 臻选动感型,一汽大众奥迪A6L中控仪表台面板起泡突起,车身附件及电器仪表台开裂,2020-06-23,信息审核
487333,吉利汽车,星越,2019款 350T AWD 驭星者,吉利星越车机死机升级系统无法解决,车身附件及电器车载互联故障服务流程不完善系统升级问题,2020-06-23,信息审核
487332,吉利汽车,星越,2019款 350T 耀星者,吉利星越车机死机系统升级不兑现,车身附件及电器车载互联故障销售欺诈与宣传不符,2020-06-23,处理反馈
487331,东风标致,标致408,2018款 350THP 自动 豪华版,东风标致408下雨天副驾驶漏水4S店不保修,车身附件及电器车身漏水服务态度不予索赔其他疑似设计缺陷,2020-06-23,处理反馈
487328,吉利汽车,星越,2019款 改款 350T 耀星者,吉利星越车机频繁死机系统与宣传不符,车身附件及电器车载互联故障销售欺诈与宣传不符,2020-06-23,处理反馈
487325,广汽丰田,凯美瑞,2016款 2.5HG CVT 十周年纪念豪华导航版 双擎,广汽丰田凯美瑞左前下摆臂球头处渗油,前后桥及悬挂系统下摆臂故障,2020-06-23,处理反馈
487322,广汽乘用车,传祺GA6,2016款 235T DCT 豪华版,广汽传祺GA6换挡顿挫 转向及车内挡杆异响,变速器顿挫转向系统异响车身附件及电器车内异响,2020-06-23,处理反馈
487321,吉利汽车,博越,2020款 1.8TD DCT 智尊PRO,吉利博越变速箱挡位显示灯与宣传不符,销售欺诈与宣传不符,2020-06-23,处理反馈
487320,长城汽车,哈弗F5,2019款 1.5T i型 国潮版  国VI,哈弗F5大灯进水售后告知正常未解决,车身附件及电器车灯进水服务态度否认质量问题,2020-06-23,用户评分
487319,吉利汽车,星越,2019款 300T 耀星者,吉利星越车机系统升级后卡顿未解决,服务流程不完善系统升级问题,2020-06-23,处理反馈
487317,上汽大众,朗逸,2013款 1.4TSI DSG舒适版,上汽大众朗逸变速箱异响 曲轴油封漏油,发动机漏油变速器异响,2020-06-23,信息审核
487314,吉利汽车,博越,2016款 1.8TD 自动 两驱 智联型,吉利博越变速箱油封渗油要求尽快解决,变速器漏油,2020-06-23,处理反馈
487313,吉利汽车,博越,2020款 1.8TD DCT 智领PRO,吉利博越挡位指示灯及雾灯与厂家宣传不符,销售欺诈与宣传不符,2020-06-23,处理反馈
487311,广汽丰田,凯美瑞,2019款 2.0G 豪华版 国VI,广汽丰田凯美瑞机油增多希望尽快解决,发动机机油增多,2020-06-23,处理反馈
487307,一汽-大众奥迪,奥迪A4L,2013款 2.0T 自动 标准型,一汽大众奥迪A4L防冻液壶开裂渗液,车身附件及电器部件开裂,2020-06-23,信息审核
487304,北京现代,现代ix35,2019款 2.0L 自动 两驱 智勇·畅享版 国V,北京现代iX35变速箱顿挫车身生锈4S店不解决,变速器顿挫车身附件及电器车身生锈车身附件及电器车身漏水车身附件及电器车身有色差,2020-06-23,信息审核
487301,一汽丰田,卡罗拉,2017款 1.2T CVT GL-i,一汽丰田卡罗拉低速行驶时变速箱顿挫	,发动机异响变速器异响变速器顿挫,2020-06-23,信息审核
487299,一汽-大众,探岳,2019款 380TSI 四驱 R-Line 国VI,一汽大众探岳低速行驶时变速箱异响,变速器异响,2020-06-23,处理反馈
487298,奇瑞汽车,艾瑞泽EX,2019款 1.5L CVT 自在版 国V,奇瑞艾瑞泽EX加速时发动机异响严重,发动机异响,2020-06-23,厂家受理
487296,一汽-大众,迈腾,2019款 330TSI DSG 豪华型 国V,一汽大众迈腾变速箱异响希望厂家处理,变速器异响,2020-06-23,处理反馈
487290,一汽大众,捷达VS5,2019款 280TSI 自动 进取型,捷达VS5前风挡导水槽漏水涡轮增压器生锈,车身附件及电器车身生锈车身附件及电器车身漏水,2020-06-23,厂家受理
487289,吉利汽车,帝豪,2016款 1.5L 手动 向上版 三厢,吉利帝豪车门内拉手断裂希望厂家索赔,车身附件及电器部件开裂服务态度不予索赔,2020-06-23,信息审核
487287,猎豹汽车,猎豹CS9,2017款 1.5L 手动 风尚型,猎豹CS9暖风水箱漏水4S店不给保修,发动机漏防冻液服务态度不予索赔,2020-06-23,信息审核
487285,领克汽车,领克03,2019款 2.0TD 自动 劲Pro版,领克03车内中控台异响4S店无法处理,车身附件及电器车内异响车身附件及电器中控台异响服务态度不解决问题人员技术查不出原因,2020-06-23,处理反馈
487284,北京现代,领动,2019款 1.4T 双离合 炫动·活力型,北京现代领动涡轮增压器异响4S店不解决,发动机涡轮增压器故障服务态度不解决问题,2020-06-23,信息审核
487283,广汽本田,雅阁,2016款 2.4L  CVT 豪华版,广汽本田雅阁右侧日行灯不亮4S店不保修,车身附件及电器车灯不亮服务态度不予索赔,2020-06-23,处理反馈
487281,北汽新能源,北汽新能源EX,2018款 EX360 新风版,北汽新能源EX厂家不提供财政补贴证明,服务态度不解决问题服务态度互相推诿承诺不兑现销售承诺不兑现,2020-06-23,处理反馈
487277,上汽大众,朗逸,2013款 1.4TSI DSG舒适版,上汽大众朗逸车内异味严重引起身体不适,车身附件及电器车内异味,2020-06-23,信息审核
487275,长安马自达,马自达CX-5,2015款 2.5L 自动 四驱 旗舰型,长安马自达CX-5中控触摸屏乱跳功能失效,车身附件及电器影音系统故障,2020-06-23,处理反馈
487271,上汽大通,上汽MAXUS G10,2018款 2.4L 手动 精英版 PLUS 汽油,上汽大通G10变速箱换2挡时异响严重,变速器异响,2020-06-23,厂家受理
487269,北京现代,菲斯塔,2019款 280TGDi 智速版 国VI,北京现代菲斯塔变速箱异响影响驾驶感受,变速器异响,2020-06-23,信息审核
487265,上汽通用五菱,新宝骏RC-6,2019款 1.5T CVT 24小时在线豪华型,新宝骏RC-6经销商出售问题车 拖延不处理,车身附件及电器车灯不亮服务态度故意拖延销售欺诈出售问题车,2020-06-22,处理反馈
487264,一汽丰田,RAV4荣放,2010款 2.0 自动 豪华升级版,一汽丰田RAV4荣放方向卡滞无法自动回位,转向系统卡滞,2020-06-22,信息审核
487262,长安马自达,马自达3 昂克赛拉,2016款 1.5L 自动 豪华型 三厢,长安马自达昂克赛拉变速箱脱挡车辆无法行驶,变速器脱挡,2020-06-22,处理反馈
487257,上汽大众,朗逸,2018款 280TSI DSG 舒适版 国V,上汽大众朗逸变速箱异响一直无法解决	,变速器异响,2020-06-22,信息审核
487256,广汽本田,飞度,2016款 1.5L LXS CVT 舒适天窗版,广汽本田飞度冷车启动发动机VTC执行器异响,发动机异响,2020-06-22,处理反馈
487254,吉利汽车,博越,2020款 1.5TD 自动 智联PRO,吉利博越无挡位显示没有前雾灯影响行车安全,变速器异响销售欺诈与宣传不符,2020-06-22,用户评分
487252,北京奔驰,奔驰GLC,2020款 改款 GLC 260 L 4MATIC 动感型,北京奔驰GLC 4S店使用来源不明的配件,配件争议使用非原厂件,2020-06-22,信息审核
487249,吉利汽车,缤越,2019款 260T DCT 骑士 国VI,吉利缤越门窗漏风 车机系统版本老旧,车身附件及电器门窗漏风承诺不兑现服务承诺不兑现,2020-06-22,信息审核
487246,北京越野,北京BJ40,2019款 2.3T 自动 四驱 环塔冠军版 国VI,北京BJ40 1600-1900转时油门踏板共振,发动机抖动发动机油门故障变速器顿挫车身附件及电器车身共振,2020-06-22,厂家受理
487240,长安汽车,锐程CC,2020款 1.5T 手动 炫锐型,长安锐程CC发动机抖动 变速箱顿挫挂挡困难,发动机抖动变速器顿挫变速器无法换挡车身附件及电器车身异响,2020-06-22,信息审核
487238,北京现代,菲斯塔,2019款 240TGDi 运动版 国VI,北京现代菲斯塔行驶过程中变速箱出现异响,变速器异响,2020-06-22,信息审核
487236,奇瑞汽车,瑞虎8,2019款 1.6TGDI 自动 精英型,奇瑞瑞虎8发票上的价格比车辆实际价格低,承诺不兑现服务承诺不兑现销售欺诈变更价格,2020-06-22,用户评分
487234,一汽-大众奥迪,奥迪Q3,2020款 45 TFSI quattro 时尚动感型,奥迪Q3服务站将2019款车型当2020款出售,承诺不兑现销售承诺不兑现销售欺诈出售问题车,2020-06-22,信息审核
487232,一汽-大众,速腾,2019款 280TSI DSG 舒适型 国VI,一汽大众速腾前桥异响 挂挡异响,变速器异响前后桥及悬挂系统前后桥异响,2020-06-22,处理反馈
487231,广汽丰田,汉兰达,2018款 2.0T 四驱 豪华版 7座 国VI,广汽丰田汉兰达换装屏幕后出现故障,车身附件及电器影音系统故障,2020-06-22,处理反馈
487225,江铃汽车,驭胜S330,2016款 1.5L GTDi 自动 两驱 尊贵版,驭胜S330变速箱顿挫无法升挡一直未解决,变速器顿挫变速器拖挡,2020-06-22,信息审核
487222,北京现代,现代ix35,2019款 2.0L 自动 两驱 智勇·畅享版 国VI,北京现代ix35发动机异响希望尽快解决,发动机异响,2020-06-22,信息审核
487220,吉利汽车,星越,2019款 350T 耀星者,吉利星越正常行驶时中控台存在异响,车身附件及电器中控台异响,2020-06-22,处理反馈
487217,吉利汽车,远景X3,2019款 升级版 1.5L CVT 精英型,吉利远景X3刹车油管渗油存在安全隐患,制动系统漏油,2020-06-22,处理反馈
487215,比亚迪,比亚迪S6,2014款 2.4L 自动 尊贵型 7座,比亚迪S6变速箱顿挫维修后再次出现故障,变速器异响变速器顿挫变速器滑阀箱故障,2020-06-22,处理反馈
487213,吉利汽车,帝豪GS,2016款 1.8L 手动 领尚型 优雅版,吉利帝豪GS变速箱异响多次维修无法解决,变速器异响,2020-06-22,处理反馈
487211,吉利新能源,博瑞新能源,2020款 1.5T PHEV 耀享版,吉利博瑞新能源高速行驶时变速箱过热,变速器抖动变速器故障灯亮服务流程不完善系统升级问题,2020-06-22,用户评分
487205,猎豹汽车,猎豹CS9,2018款 1.5T CVT 劲锐型,猎豹CS9方向盘异响厂家无人解决,转向系统异响,2020-06-22,信息审核
487204,长安汽车,长安CS55,2019款 1.5T 手动 炫色型 国VI,长安CS55发生事故后4S店维修无法交付,服务态度故意拖延,2020-06-22,厂家受理
487202,长城汽车,哈弗H2,2017款 1.5T 手动 两驱豪华型 蓝标,哈弗H2车辆转弯时方向盘严重异响,转向系统异响,2020-06-22,处理反馈
487200,广汽本田,雅阁,2018款 2.0L 锐酷版 锐·混动 国V,广汽本田雅阁发动机位置出现渗油现象,发动机漏油,2020-06-22,处理反馈
487199,上汽集团,荣威RX3,2018款 1.6L CVT 互联网智享版,上汽荣威RX3裸车价与合同不一致,服务收费价格不透明,2020-06-22,处理反馈
487194,吉利汽车,星越,2019款 300T 耀星者,吉利星越升级后语音控制不灵敏卡顿未解决,服务流程不完善系统升级问题,2020-06-22,处理反馈
487193,北京现代,领动,2019款 1.5L CVT 智炫·精英型,北京现代领动前轮耐克森轮胎侧面裂纹,轮胎开裂,2020-06-22,处理反馈
487187,上汽大众,凌渡,2017款 280TSI DSG 舒适版,上汽大众凌渡变速箱异响希望厂家处理,变速器异响,2020-06-22,信息审核
487183,东风标致,标致5008,2017款 350THP 精英版 7座,东风标致5008轮毂氧化严重希望厂家处理,车身附件及电器轮毂问题,2020-06-22,处理反馈
487180,广汽本田,奥德赛,2017款 2.4L CVT 智享版,广汽本田奥德赛开空调时吹出白色粉末,车身附件及电器空调问题,2020-06-22,处理反馈
487173,上汽大众,凌渡,2019款 280TSI DSG 舒适版 国VI,上汽大众凌渡变速箱异响换挡困难,变速器异响变速器无法换挡,2020-06-22,信息审核
487171,东风标致,标致5008,2017款 380THP 豪华GT版 7座,东风标致5008电尾门开关故障希望厂家处理,车身附件及电器后备箱故障,2020-06-22,处理反馈
487170,云度新能源,云度π1,2017款 城际乐派型,云度π1刹车变硬希望厂家退车处理,制动系统刹车变硬,2020-06-22,信息审核
487169,吉利汽车,缤越,2019款 260T DCT 游侠 运动款 国V,吉利缤越4S店安装原车挡泥板擅自损坏车体,人员技术操作不规范服务流程不完善未经同意维修,2020-06-22,厂家受理
487168,一汽-大众奥迪,奥迪A6L,2019款 40 TFSI 豪华动感型,一汽大众奥迪A6L车身天窗发动机异响,发动机异响车身附件及电器车身异响车身附件及电器天窗异响,2020-06-22,信息审核
487163,SWM斯威汽车,SWM斯威X7,2017款 1.5T 自动 智享型 7座,斯威X7发动机油耗高希望尽快得到处理,发动机油耗高,2020-06-22,信息审核
487162,吉利汽车,缤越,2019款 260T DCT 游侠 国VI,吉利缤越刹车异响 车机系统故障,制动系统异响车身附件及电器车载互联故障,2020-06-22,处理反馈
487159,上汽斯柯达,晶锐,2017款 1.4L 自动 车享版,斯柯达晶锐空调不制冷多次维修没结果,车身附件及电器空调问题人员技术多次返修,2020-06-22,信息审核
487158,吉利汽车,帝豪,2017款 1.5L 手动 向上版 三厢 百万款,吉利帝豪大灯进水严重希望尽快处理,车身附件及电器车灯进水,2020-06-22,处理反馈
487156,广汽丰田,雷凌,2017款 185T CVT 精英版 国V 改款,广汽丰田雷凌发动机烧机油希望处理,发动机烧机油,2020-06-22,处理反馈
487152,一汽-大众,探岳,2020款 330TSI 两驱 豪华智联版,一汽大众探岳经销商将展车当做新车出售,销售欺诈与宣传不符,2020-06-22,处理反馈
487148,雷克萨斯,雷克萨斯NX,2018款 300h 前驱 锋尚版 国VI,雷克萨斯NX导航不灵敏 更新不及时,车身附件及电器导航问题,2020-06-22,厂家受理
487147,众泰汽车,众泰SR7,2017款 1.5T CVT 魔方之路版,众泰SR7车内中控台以及车门严重异响,车身附件及电器门窗异响车身附件及电器中控台异响,2020-06-22,处理反馈
487146,奥迪（进口）,奥迪e-tron（进口）,2019款 55 quattro 全球限量版Edition 1,奥迪(进口)e-tron充电桩少续航与宣传不符,车身附件及电器充电故障销售欺诈与宣传不符服务流程不完善充电桩少,2020-06-22,信息审核
487142,一汽-大众奥迪,奥迪A6L,2019款 45 TFSI 臻选动感型,一汽大众奥迪A4L轮毂变形4S店不给保修,车身附件及电器轮毂问题服务态度不予索赔,2020-06-22,信息审核
487140,猎豹汽车,猎豹CS10,2015款 2.0T 手动 卓越版,猎豹CS10行驶中车门异响 发动机异响,发动机异响车身附件及电器门窗异响,2020-06-22,信息审核
487139,力帆汽车,轩朗,2017款 2.0L 手动 舒适型,力帆轩朗离合器损坏发动机有焊接痕迹,发动机发动机壳体破裂离合器烧毁车身附件及电器汽油泵故障车身附件及电器密封条损坏车身附件及电器中控锁故障服务态度不予索赔,2020-06-22,信息审核
487138,东风标致,标致4008,2018款 350THP 精英版,东风标致4008加速无力发动机故障灯亮,发动机故障灯亮发动机无法提速服务态度不予索赔,2020-06-22,处理反馈
487136,一汽-大众,探岳,2019款 330TSI 两驱 豪华型 国Ⅵ,一汽大众探岳换挡时变速箱顿挫有异响,变速器异响变速器顿挫,2020-06-22,处理反馈
487131,上汽大众,途昂X,2019款 530 V6 四驱 尊崇旗舰版,上汽大众途昂X发动机自动启停功能故障,发动机抖动车身附件及电器发动机启停系统故障,2020-06-22,信息审核
487130,雷克萨斯,雷克萨斯ES,2015款 2.0L 自动  精英版 ES 200,雷克萨斯ES天窗玻璃爆裂存在质量问题,车身附件及电器玻璃开裂,2020-06-22,厂家受理
487129,广汽三菱,欧蓝德,2019款 2.4L 四驱 致享版 7座 国VI,广汽三菱欧蓝德车辆事故后安全气囊未打开,车身附件及电器气囊未弹开,2020-06-22,厂家受理
487128,东风标致,标致3008,2015款 1.6THP 自动 潮流版,东风标致3008多次在行驶过程中突然熄火,发动机熄火,2020-06-22,处理反馈
487127,一汽-大众,C-TREK蔚领,2017款 230TSI 自动 舒适型,一汽大众蔚领高速时踩刹车方向盘抖动,转向系统抖动,2020-06-22,处理反馈
487126,东风标致,标致3008,2015款 1.6THP 自动 潮流版,东风标致3008节温器故障导致发动机故障灯亮,发动机故障灯亮发动机冷却系统故障,2020-06-22,用户评分
487121,一汽-大众,速腾,2018款 280TSI 双离合 舒适型,一汽大众速腾发动机变速箱离合器抖动,发动机抖动变速器抖动离合器抖动,2020-06-22,信息审核
487119,沃尔沃亚太,沃尔沃S90,2019款 T5 智逸版,亚太沃尔沃S90低频噪音大共振严重	,车身附件及电器车身共振,2020-06-22,信息审核
487118,长安马自达,马自达3 昂克赛拉,2016款 1.5L 自动 豪华型 三厢,长安马自达昂克赛拉中控台屏幕脱胶严重,车身附件及电器影音系统故障车身附件及电器部件开裂,2020-06-22,处理反馈
487114,猎豹汽车,猎豹CS10,2015款 2.0T 手动 卓越版,猎豹CS10制动效果极差导致发生事故,制动系统刹车偏软,2020-06-22,信息审核
487113,吉利汽车,星越,2019款 改款 350T 耀星者,吉利星越车机卡顿死机系统版本与宣传不符,车身附件及电器车载互联故障销售欺诈与宣传不符,2020-06-22,处理反馈
487111,一汽-大众,T-ROC探歌,2019款 230TSI DSG 两驱 进取型 国V,一汽大众探歌高压油泵异响严重希望厂家处理,车身附件及电器汽油泵故障,2020-06-22,处理反馈
487110,北京奔驰,奔驰C级,2020款 C 260 L 运动版,北京奔驰C级新车交付时车漆被剐蹭,人员技术操作不规范,2020-06-22,信息审核
487108,东风日产,骐达TIIDA,2019款 1.6L CVT 智尊版 国Ⅵ,东风日产骐达悬架生锈腐蚀存在安全隐患,车身附件及电器车身生锈,2020-06-22,处理反馈
487106,雷克萨斯,雷克萨斯CT,2017款 CT200h 精英版 单色 国VI,雷克萨斯CT大灯灯罩内部出现密集气泡,车身附件及电器灯罩裂纹或变形服务态度不解决问题服务态度不予索赔服务态度态度蛮横,2020-06-22,厂家受理
487103,东风雪铁龙,雪铁龙C4L,2014款 1.8L 自动 智驱版 劲享型,东风雪铁龙C4L方向盘上下左右晃动,转向系统抖动,2020-06-22,用户评分
487102,上汽大众,朗逸,2017款 1.6L 自动 舒适版,上汽大众朗逸韩泰轮胎开裂存在安全隐患,轮胎开裂,2020-06-22,信息审核
487101,东风日产,天籁,2013款 2.0L XL 舒适版,东风日产天籁变速箱漏油 发动机烧机油,发动机烧机油变速器漏油转向系统漏油,2020-06-22,处理反馈
487099,一汽-大众,速腾,2018款 280TSI 双离合 舒适型,一汽大众速腾空调出风口损坏存在质量问题,车身附件及电器部件开裂,2020-06-22,处理反馈
487096,吉利新能源,星越新能源,2019款 400T 驭星者 纯电动续航80KM,吉利星越车机系统升级后卡顿问题未能解决,服务流程不完善系统升级问题,2020-06-22,处理反馈
487095,奇瑞汽车,瑞虎5,2017款 1.5T CVT 舒适版,奇瑞瑞虎5实车信息与厂家系统不符,销售欺诈与宣传不符,2020-06-22,厂家受理
487092,长城汽车,哈弗H2s,2018款 1.5T 双离合 精英型 红标,哈弗H2s转向拉杆生锈掉漆希望处理,车身附件及电器车身生锈,2020-06-22,处理反馈
487083,吉利汽车,星越,2019款 350T 暗夜骑士限量版,吉利星越车机黑屏版本与宣传不符,车身附件及电器车载互联故障销售欺诈与宣传不符,2020-06-22,处理反馈
487082,长城汽车,长城C30,2013款 1.5L 手动 豪华型,长城C30车身漆面生锈4S店不解决,车身附件及电器车身生锈服务态度不解决问题,2020-06-22,处理反馈
487080,一汽-大众,宝来,2019款 改款 1.5L 自动 舒适型 国VI,一汽大众宝来车漆起泡掉漆影响美观,车身附件及电器漆面起泡开裂,2020-06-22,处理反馈
487077,东风标致,标致408,2014款 1.8L 自动 豪华版,东风标致408发动机烧机油严重希望处理,发动机烧机油,2020-06-22,处理反馈
487074,江淮汽车,瑞风S2,2015款 1.5L 手动 豪华智能型,江淮瑞风S2刹车异响方向盘晃动严重,转向系统转向机故障制动系统异响,2020-06-22,用户评分
487072,一汽大众,捷达VS5,2019款 280TSI 自动 悦享型,一汽大众捷达VS5发动机舱进水涡轮生锈,车身附件及电器中控台异响车身附件及电器车身漏水,2020-06-22,厂家受理
487071,一汽-大众奥迪,奥迪A3,2017款 Limousine 1.4T 双离合 时尚型,一汽大众奥迪A3空调出风口经常不出风,车身附件及电器空调问题人员技术多次返修,2020-06-22,信息审核
487070,东风标致,标致301,2018款 1.6L 自动 舒适版,东风标致标致301三元催化器老化4S店拒赔,车身附件及电器三元催化器故障,2020-06-22,处理反馈
487069,一汽丰田,卡罗拉,2014款 1.6L CVT GL-i真皮版,一汽丰田卡罗拉方向盘异响沉重 座垫塌陷,转向系统异响转向系统打方向沉重车身附件及电器座椅故障,2020-06-22,信息审核
487058,华晨宝马,宝马5系,2020款 525Li M运动套装,华晨宝马5系天窗和前挡风玻璃爆裂,车身附件及电器玻璃开裂,2020-06-22,处理反馈
487057,上汽大众,途观L,2019款 改款 330TSI 自动 两驱 智动豪华版 国VI,上汽大众途观L下雨时天窗处出现漏水现象,车身附件及电器天窗漏水,2020-06-22,信息审核
487055,吉利汽车,星越,2019款 350T 暗夜骑士限量版,吉利星越车机出现死机现象系统与宣传不符,车身附件及电器车载互联故障销售欺诈与宣传不符,2020-06-22,用户评分